{"perplexity": 12.156592768847242, "accuracy": 0.4041733741760254, "nll": 2.4978716373443604}