{"perplexity": 12.132013493218299, "accuracy": 0.40471693873405457, "nll": 2.495847702026367}